{
  "dates": [
    "t+00",
    "t+01",
    "t+02",
    "t+03",
    "t+04",
    "t+05",
    "t+06",
    "t+07",
    "t+08",
    "t+09",
    "t+10",
    "t+11",
    "t+12",
    "t+13",
    "t+14",
    "t+15",
    "t+16",
    "t+17",
    "t+18",
    "t+19",
    "t+20",
    "t+21",
    "t+22",
    "t+23",
    "t+24",
    "t+25",
    "t+26",
    "t+27",
    "t+28",
    "t+29"
  ],
  "forward_path": [
    98.81736504361915,
    99.17459851198943,
    96.39333139948457,
    98.43275242479272,
    99.37971512378138,
    98.94531337476718,
    98.4834060446538,
    98.9332715322506,
    98.53686020122427,
    98.20352005583315,
    99.26996696283997,
    100.03935473184768,
    99.94317124011295,
    99.8151113716644,
    100.05633058539125,
    99.13901502268187,
    98.54041842551325,
    99.35414666368962,
    99.15987674381816,
    97.1364869575822,
    96.44355266627336,
    97.6913748951198,
    97.35158684016622,
    97.13463830901132,
    98.07432301218822,
    100.7956040316684,
    94.8455752751964,
    96.78317312186428,
    95.01387714625274,
    95.82326308074425
  ],
  "violation_counts": [
    175,
    186,
    144,
    202,
    210,
    166,
    154,
    156,
    199,
    202,
    159,
    146,
    149,
    180,
    151,
    178,
    194,
    187,
    198,
    162,
    212,
    198,
    193,
    163,
    165,
    231,
    177,
    176,
    182,
    187
  ],
  "realised_moves": [
    0.0012939584963513038,
    0.006993850679575322,
    0.026008575081092576,
    0.0010570948963970807,
    0.01190595913497419,
    0.003275770443452953,
    0.01567558845291204,
    0.010156138901717082,
    0.01288889498699444,
    0.01869127274442719,
    0.0013200204734931226,
    0.015096852529943753,
    0.005911030792334659,
    0.0065861242416597725,
    0.029616261716795336,
    0.027565166593509712,
    0.008653529729346625,
    0.02036167401369204,
    0.020635424270123937,
    0.009608517787595538,
    0.044136853155824954,
    0.02956322804294956,
    0.005855884260188904,
    0.02207508373674209,
    0.02322010416428843,
    0.06813220153070566,
    0.012984369541312723,
    0.0052701122905750245,
    0.04078605569049909,
    0.01902052937714427
  ],
  "lead_lag": {
    "1": 0.3696405179868674,
    "2": 0.15590161651388004,
    "3": 0.3773129340467609,
    "4": 0.43871586847280575,
    "5": 0.3732784583124008
  },
  "hit_rate": 0.375,
  "n_days": 30
}