{
  "kappa": 3.036583361607722,
  "theta": 0.025537480920395525,
  "v0": 0.028662045628509623,
  "rho": -0.3988970707348328,
  "xi": 0.9497513772405304,
  "rmse": 0.09447837017178039,
  "per_tenor_rmse": [
    1.1758477705801371,
    0.22879861384297265,
    0.04138925440244325,
    0.05177626413730377,
    0.06063705149469354,
    0.06471513895152023,
    0.06765848713807764,
    0.06960496828035963,
    0.024601890469896665,
    0.07549918899611566
  ],
  "success": false
}