{
  "strikes": [
    80.0,
    90.0,
    100.0,
    110.0,
    120.0
  ],
  "tenor": 1.1195555555555554,
  "mc_prices": [
    23.127699482387488,
    14.901861441274363,
    8.235291425570232,
    3.8507437783221885,
    1.6388997282001496
  ],
  "mc_stderr": [
    0.16436268233565987,
    0.14594444039035187,
    0.12008394810976039,
    0.09103827638406559,
    0.06657003987372132
  ],
  "surface_prices": [
    20.595056867724878,
    12.097171796418891,
    5.864715207677136,
    2.339584318286885,
    0.8388031040957937
  ],
  "heston_fft_prices": [
    22.803133343734597,
    14.203080901170335,
    6.998731763446445,
    2.59878081952439,
    0.9495748628226616
  ],
  "absolute_gap": [
    2.5326426146626098,
    2.804689644855472,
    2.3705762178930954,
    1.5111594600353033,
    0.8000966241043559
  ],
  "n_paths": 10000
}