{
  "meta": {
    "generated": "2026-04-20T16:35:07Z",
    "n_options": 250,
    "seed": 42,
    "forward": 100.0,
    "n_tenors": 10,
    "n_strikes": 25,
    "quick_mode": false,
    "regime": "calm"
  },
  "metrics": {
    "svi_rmse": 0.004102059394392187,
    "svi_mae": 0.0032941545883279372,
    "svi_r2": 0.9998793563669394,
    "residual_rmse": 0.027632495388388634,
    "combined_rmse": 0.005121888371464217,
    "combined_improvement": -0.0010198289770720296,
    "violation_counts": {
      "butterfly": 0,
      "calendar": 186,
      "vertical": 0
    },
    "violation_severity": {
      "high": 9,
      "medium": 43,
      "low": 134
    },
    "total_violations": 186,
    "svi_per_tenor_rmse": [
      0.00623420454573915,
      0.0027811029390511625,
      0.00340557869990898,
      0.0034701852599942724,
      0.0032395674591955323,
      0.004886397187868119,
      0.00380933102312487,
      0.003982878462330797,
      0.0036821172648167266,
      0.004441276259585463
    ],
    "combined_per_tenor_rmse": [
      0.012936568189260374,
      0.002571684223456897,
      0.0025793198822336005,
      0.002542403289559958,
      0.0031514508935605325,
      0.0035159008653653434,
      0.003293393966715516,
      0.0036506587651750615,
      0.0033464422206239035,
      0.0041936514745350715
    ],
    "heston_rmse": 0.09447837017178039,
    "heston_per_tenor_rmse": [
      1.1758477705801371,
      0.22879861384297265,
      0.04138925440244325,
      0.05177626413730377,
      0.06063705149469354,
      0.06471513895152023,
      0.06765848713807764,
      0.06960496828035963,
      0.024601890469896665,
      0.07549918899611566
    ],
    "resampler_mean_nudge": 0.010800784479555356,
    "resampler_mean_rel_nudge": 0.058269961978476004,
    "resampler_max_nudge": 0.08782542198502996,
    "regime_train_accuracy": 0.9973958333333334,
    "regime_test_accuracy": 1.0,
    "regime_confusion": [
      [
        38,
        0,
        0
      ],
      [
        0,
        24,
        0
      ],
      [
        0,
        0,
        34
      ]
    ],
    "regime_inferred": "calm",
    "backtest_lead_lag": {
      "1": 0.3696405179868674,
      "2": 0.15590161651388004,
      "3": 0.3773129340467609,
      "4": 0.43871586847280575,
      "5": 0.3732784583124008
    },
    "backtest_hit_rate": 0.375,
    "stress_drift_summary": {
      "vol_spike": 6,
      "crash_skew": 48,
      "inversion": 0,
      "calm": 1
    },
    "mc_absolute_gap_mean": 2.003832912310167,
    "mc_absolute_gap_max": 2.804689644855472,
    "adversarial_precision": 1.0,
    "adversarial_recall": 1.0,
    "adversarial_f1": 1.0,
    "compute_budget_seconds": {
      "data": 0.00018715858459472656,
      "svi": 0.04542899131774902,
      "heston": 41.52892279624939,
      "neural": 2.6469128131866455,
      "scanner": 0.06416106224060059,
      "stress": 0.18931794166564941,
      "greeks": 0.06941485404968262,
      "resampler": 0.14876413345336914,
      "term_structure": 8.20159912109375e-05,
      "mc": 0.012099981307983398,
      "backtest": 1.904193639755249,
      "regime": 0.004403829574584961,
      "total": 47.73395299911499
    }
  }
}