{
  "inferred": "calm",
  "per_slice": [
    "calm",
    "calm",
    "calm",
    "calm",
    "calm",
    "calm",
    "calm",
    "calm",
    "stressed",
    "calm"
  ],
  "per_slice_probs": [
    [
      0.9751919425926675,
      0.024807017462849364,
      1.0399444830041245e-06
    ],
    [
      0.9752587459026137,
      0.024740198583994663,
      1.0555133915727248e-06
    ],
    [
      0.975653171481613,
      0.024345826138968584,
      1.0023794184072401e-06
    ],
    [
      0.9772849816848139,
      0.02271411434903073,
      9.039661553257953e-07
    ],
    [
      0.9736147747023738,
      0.0263840555788036,
      1.169718822723524e-06
    ],
    [
      0.9755752458357395,
      0.02442377180911098,
      9.823551493105277e-07
    ],
    [
      0.9761358266925404,
      0.02386315162372099,
      1.021683738647347e-06
    ],
    [
      0.9756094390404338,
      0.02438969037051264,
      8.705890535200733e-07
    ],
    [
      0.004112531749282724,
      0.9838779836702203,
      0.012009484580497097
    ],
    [
      0.9715865023583921,
      0.028412162542851095,
      1.3350987568343085e-06
    ]
  ],
  "train_accuracy": 0.9973958333333334,
  "test_accuracy": 1.0,
  "confusion": [
    [
      38,
      0,
      0
    ],
    [
      0,
      24,
      0
    ],
    [
      0,
      0,
      34
    ]
  ]
}