{
  "tenors": [
    0.019,
    0.2391111111111111,
    0.45922222222222225,
    0.6793333333333333,
    0.8994444444444445,
    1.1195555555555554,
    1.3396666666666666,
    1.5597777777777777,
    1.7798888888888889,
    2.0
  ],
  "atm_vol": [
    1.0783504249991898,
    0.30348984960672976,
    0.21935010567939214,
    0.17867525081183117,
    0.15726550006057594,
    0.1408523075355633,
    0.1278370324173571,
    0.12003226531476985,
    0.16577140230948592,
    0.1067333874161824
  ],
  "atm_skew": [
    -0.19097857441286975,
    -0.05283482015266124,
    -0.03935278616545875,
    -0.03245597000492039,
    -0.025332643144481446,
    -0.026242776060428085,
    -0.020771051087526388,
    -0.029102998673533068,
    -0.051125649818464576,
    -0.014676129468921955
  ],
  "atm_kurtosis": [
    3.1738371974737984,
    0.9122480194804825,
    0.6419198721964848,
    0.5401306990930684,
    0.45170730185876296,
    0.4093099748714496,
    0.38685059603945154,
    0.3400242544017663,
    1.0083837845361876,
    0.2799675333548729
  ]
}